age_band,sex,duration,n_at_risk,actual_deaths,cdc_expected,factor
15-19,Female,1,1967,0.0,0.8,0.0
15-19,Female,2,981,0.0,0.5,0.0
15-19,Female,3,0,0.0,0.0,
15-19,Female,4,0,0.0,0.0,
15-19,Female,5,0,0.0,0.0,
15-19,Male,1,1993,1.0,2.2,0.4473
15-19,Male,2,961,2.0,1.2,1.7359
15-19,Male,3,0,0.0,0.0,
15-19,Male,4,0,0.0,0.0,
15-19,Male,5,0,0.0,0.0,
20-24,Female,1,2500,1.0,1.6,0.63
20-24,Female,2,2847,0.0,1.8,0.0
20-24,Female,3,3202,2.0,2.0,1.0241
20-24,Female,4,2632,0.0,1.7,0.0
20-24,Female,5,2117,3.0,1.4,2.0891
20-24,Male,1,2176,3.0,3.6,0.8342
20-24,Male,2,2642,3.0,4.2,0.7122
20-24,Male,3,3082,5.0,4.9,1.0239
20-24,Male,4,2580,5.0,4.3,1.1525
20-24,Male,5,2084,3.0,3.7,0.8125
25-29,Female,1,2408,1.0,2.1,0.4671
25-29,Female,2,2295,0.0,2.0,0.0
25-29,Female,3,2247,3.0,2.0,1.5089
25-29,Female,4,2170,2.0,1.9,1.0407
25-29,Female,5,2060,1.0,1.8,0.5478
25-29,Male,1,2016,4.0,4.5,0.8906
25-29,Male,2,1920,4.0,4.3,0.9371
25-29,Male,3,1852,2.0,4.1,0.486
25-29,Male,4,1796,4.0,4.0,1.002
25-29,Male,5,1724,3.0,3.8,0.7841
30-34,Female,1,2404,1.0,3.0,0.3279
30-34,Female,2,2301,2.0,2.9,0.6856
30-34,Female,3,2245,1.0,2.9,0.35
30-34,Female,4,2097,0.0,2.7,0.0
30-34,Female,5,1947,3.0,2.5,1.2066
30-34,Male,1,2096,4.0,5.8,0.6856
30-34,Male,2,2001,4.0,5.6,0.7179
30-34,Male,3,1878,3.0,5.2,0.5735
30-34,Male,4,1702,2.0,4.7,0.4218
30-34,Male,5,1594,1.0,4.4,0.2253
35-39,Female,1,2260,1.0,3.9,0.258
35-39,Female,2,2199,4.0,3.8,1.0607
35-39,Female,3,2051,0.0,3.5,0.0
35-39,Female,4,1955,1.0,3.4,0.2979
35-39,Female,5,1862,4.0,3.2,1.2573
35-39,Male,1,2058,4.0,6.8,0.5841
35-39,Male,2,1942,3.0,6.5,0.4648
35-39,Male,3,1873,5.0,6.2,0.8028
35-39,Male,4,1747,1.0,5.8,0.1724
35-39,Male,5,1641,6.0,5.4,1.1012
40-44,Female,1,2377,6.0,5.5,1.0858
40-44,Female,2,2237,4.0,5.2,0.7684
40-44,Female,3,2108,3.0,4.9,0.6114
40-44,Female,4,1961,9.0,4.6,1.9669
40-44,Female,5,1849,7.0,4.3,1.6268
40-44,Male,1,2119,4.0,8.8,0.4547
40-44,Male,2,2077,6.0,8.6,0.696
40-44,Male,3,1933,8.0,8.0,0.9951
40-44,Male,4,1832,7.0,7.6,0.9166
40-44,Male,5,1724,4.0,7.2,0.5556
45-49,Female,1,2200,4.0,7.0,0.5684
45-49,Female,2,2170,8.0,6.9,1.152
45-49,Female,3,2116,8.0,6.8,1.1785
45-49,Female,4,1994,4.0,6.4,0.6239
45-49,Female,5,1877,9.0,6.0,1.4887
45-49,Male,1,2026,11.0,11.1,0.9949
45-49,Male,2,1963,13.0,10.7,1.2124
45-49,Male,3,1880,9.0,10.3,0.8757
45-49,Male,4,1788,4.0,9.8,0.4077
45-49,Male,5,1672,7.0,9.2,0.7644
50-54,Female,1,2162,3.0,9.9,0.3029
50-54,Female,2,2044,5.0,9.4,0.5324
50-54,Female,3,1972,19.0,9.1,2.0834
50-54,Female,4,1828,7.0,8.4,0.8306
50-54,Female,5,1673,8.0,7.7,1.0425
50-54,Male,1,2108,20.0,16.4,1.2206
50-54,Male,2,1960,14.0,15.2,0.9185
50-54,Male,3,1827,15.0,14.2,1.0553
50-54,Male,4,1709,8.0,13.4,0.5991
50-54,Male,5,1616,16.0,12.5,1.2749
55-59,Female,1,1779,7.0,12.1,0.5804
55-59,Female,2,1748,12.0,11.9,1.0123
55-59,Female,3,1677,11.0,11.4,0.9626
55-59,Female,4,1657,11.0,11.3,0.9758
55-59,Female,5,1606,10.0,10.9,0.9187
55-59,Male,1,1719,29.0,19.6,1.483
55-59,Male,2,1688,16.0,19.1,0.8389
55-59,Male,3,1662,13.0,18.8,0.6922
55-59,Male,4,1602,11.0,18.2,0.6043
55-59,Male,5,1575,13.0,17.9,0.725
60-64,Female,1,2453,18.0,24.5,0.736
60-64,Female,2,2175,14.0,22.0,0.6362
60-64,Female,3,1881,17.0,19.2,0.8853
60-64,Female,4,1626,21.0,16.6,1.2618
60-64,Female,5,1424,21.0,14.4,1.4535
60-64,Male,1,2356,32.0,38.3,0.8349
60-64,Male,2,2112,35.0,34.8,1.0065
60-64,Male,3,1846,32.0,30.7,1.0422
60-64,Male,4,1590,27.0,26.6,1.0166
60-64,Male,5,1344,23.0,22.3,1.0304
65-69,Female,1,1822,21.0,25.2,0.8318
65-69,Female,2,1799,23.0,25.0,0.9218
65-69,Female,3,1784,28.0,24.7,1.1329
65-69,Female,4,1719,17.0,23.7,0.7169
65-69,Female,5,1715,26.0,23.7,1.0948
65-69,Male,1,1829,32.0,40.6,0.7874
65-69,Male,2,1764,41.0,39.2,1.0448
65-69,Male,3,1678,31.0,37.3,0.8306
65-69,Male,4,1651,22.0,36.9,0.5967
65-69,Male,5,1601,35.0,35.6,0.9827
70-74,Female,1,1608,35.0,33.3,1.051
70-74,Female,2,1523,28.0,31.7,0.8838
70-74,Female,3,1439,18.0,29.9,0.6019
70-74,Female,4,1402,23.0,29.2,0.7884
70-74,Female,5,1302,19.0,27.1,0.7008
70-74,Male,1,1636,40.0,50.3,0.7945
70-74,Male,2,1560,57.0,48.4,1.178
70-74,Male,3,1469,44.0,45.7,0.9637
70-74,Male,4,1313,44.0,40.9,1.075
70-74,Male,5,1280,37.0,39.7,0.9325
75-79,Female,1,1132,29.0,38.6,0.7506
75-79,Female,2,1130,29.0,38.4,0.7559
75-79,Female,3,1156,39.0,39.3,0.9919
75-79,Female,4,1120,32.0,38.3,0.8362
75-79,Female,5,1097,31.0,37.4,0.828
75-79,Male,1,1205,44.0,58.2,0.756
75-79,Male,2,1195,43.0,58.2,0.7389
75-79,Male,3,1129,58.0,54.6,1.0618
75-79,Male,4,1121,52.0,54.5,0.9539
75-79,Male,5,1050,59.0,51.0,1.1567
80-84,Female,1,1610,84.0,79.4,1.0578
80-84,Female,2,1548,89.0,81.3,1.0949
80-84,Female,3,1458,99.0,81.7,1.2118
80-84,Female,4,1370,99.0,81.3,1.2178
80-84,Female,5,1246,90.0,77.6,1.1603
80-84,Male,1,1461,103.0,98.7,1.043
80-84,Male,2,1390,126.0,100.0,1.2594
80-84,Male,3,1333,125.0,100.9,1.2383
80-84,Male,4,1230,120.0,98.0,1.2242
80-84,Male,5,1126,117.0,93.2,1.2554
85-89,Female,1,348,24.0,27.5,0.8713
85-89,Female,2,406,33.0,35.0,0.9439
85-89,Female,3,444,43.0,41.6,1.0327
85-89,Female,4,479,48.0,48.2,0.9958
85-89,Female,5,532,48.0,56.2,0.8545
85-89,Male,1,266,28.0,27.7,1.009
85-89,Male,2,300,33.0,34.2,0.9655
85-89,Male,3,321,46.0,39.4,1.1664
85-89,Male,4,340,55.0,44.2,1.2437
85-89,Male,5,371,61.0,49.9,1.2214
85+,Female,1,0,0.0,0.0,
85+,Female,2,0,0.0,0.0,
85+,Female,3,0,0.0,0.0,
85+,Female,4,0,0.0,0.0,
85+,Female,5,0,0.0,0.0,
85+,Male,1,0,0.0,0.0,
85+,Male,2,0,0.0,0.0,
85+,Male,3,0,0.0,0.0,
85+,Male,4,0,0.0,0.0,
85+,Male,5,0,0.0,0.0,
