age,gender,year,gam_qx
18,Female,1,0.00016237
19,Female,1,0.00017739
20,Female,1,0.00019274
21,Female,1,0.00020799
22,Female,1,0.00022263
23,Female,1,0.00023626
24,Female,1,0.00024923
25,Female,1,0.0002622
26,Female,1,0.00027598
27,Female,1,0.00029158
28,Female,1,0.00031014
29,Female,1,0.00033311
30,Female,1,0.0003624
31,Female,1,0.00040029
32,Female,1,0.00044934
33,Female,1,0.00051302
34,Female,1,0.00059617
35,Female,1,0.00070389
36,Female,1,0.00083861
37,Female,1,0.00100065
38,Female,1,0.00118691
39,Female,1,0.00138891
40,Female,1,0.00159102
41,Female,1,0.00177027
42,Female,1,0.00189865
43,Female,1,0.00196056
44,Female,1,0.00196552
45,Female,1,0.00193061
46,Female,1,0.00187494
47,Female,1,0.00181666
48,Female,1,0.00177185
49,Female,1,0.00175514
50,Female,1,0.00178136
51,Female,1,0.00186347
52,Female,1,0.00201495
53,Female,1,0.0022581
54,Female,1,0.00262829
55,Female,1,0.00314802
56,Female,1,0.00380414
57,Female,1,0.00454569
58,Female,1,0.00526932
59,Female,1,0.00589708
60,Female,1,0.00641347
61,Female,1,0.00682487
62,Female,1,0.00715706
63,Female,1,0.00747684
64,Female,1,0.00788572
65,Female,1,0.00850964
66,Female,1,0.00950448
67,Female,1,0.01091246
68,Female,1,0.01265663
69,Female,1,0.01457205
70,Female,1,0.01640077
71,Female,1,0.01806967
72,Female,1,0.01967611
73,Female,1,0.02137908
74,Female,1,0.02338344
75,Female,1,0.02583913
76,Female,1,0.02888917
77,Female,1,0.03272585
78,Female,1,0.03753972
79,Female,1,0.04310556
80,Female,1,0.04880326
81,Female,1,0.05368159
82,Female,1,0.05679081
83,Female,1,0.05841158
84,Female,1,0.05939965
85,Female,1,0.06072576
18,Female,2,5.2e-06
19,Female,2,7.76e-06
20,Female,2,1.155e-05
21,Female,2,1.719e-05
22,Female,2,2.553e-05
23,Female,2,3.784e-05
24,Female,2,5.581e-05
25,Female,2,8.174e-05
26,Female,2,0.00011861
27,Female,2,0.00016998
28,Female,2,0.00023934
29,Female,2,0.00032932
30,Female,2,0.0004404
31,Female,2,0.00057044
32,Female,2,0.00071679
33,Female,2,0.00087576
34,Female,2,0.00104275
35,Female,2,0.00121321
36,Female,2,0.00138405
37,Female,2,0.00155367
38,Female,2,0.00172223
39,Female,2,0.00189062
40,Female,2,0.0020591
41,Female,2,0.00222869
42,Female,2,0.00240125
43,Female,2,0.00257476
44,Female,2,0.00273923
45,Female,2,0.00288206
46,Female,2,0.00298961
47,Female,2,0.00306514
48,Female,2,0.00313587
49,Female,2,0.00323354
50,Female,2,0.00339341
51,Female,2,0.00363402
52,Female,2,0.00395163
53,Female,2,0.00433993
54,Female,2,0.00478851
55,Female,2,0.00528282
56,Female,2,0.00580276
57,Female,2,0.00631942
58,Female,2,0.00679711
59,Female,2,0.0072337
60,Female,2,0.00766507
61,Female,2,0.00813895
62,Female,2,0.0087112
63,Female,2,0.00939583
64,Female,2,0.01016768
65,Female,2,0.01098983
66,Female,2,0.01181838
67,Female,2,0.01267203
68,Female,2,0.01362342
69,Female,2,0.01476782
70,Female,2,0.01621666
71,Female,2,0.01798517
72,Female,2,0.02000951
73,Female,2,0.02218175
74,Female,2,0.02437816
75,Female,2,0.02672844
76,Female,2,0.02955667
77,Female,2,0.03332215
78,Female,2,0.03858066
79,Female,2,0.0453467
80,Female,2,0.05314686
81,Female,2,0.06103802
82,Female,2,0.06778321
83,Female,2,0.0730449
84,Female,2,0.07702085
85,Female,2,0.08010943
18,Female,3,0.00054848
19,Female,3,0.00064093
20,Female,3,0.00073965
21,Female,3,0.00083803
22,Female,3,0.00092676
23,Female,3,0.00099454
24,Female,3,0.00102991
25,Female,3,0.00102352
26,Female,3,0.00097074
27,Female,3,0.00087849
28,Female,3,0.00077003
29,Female,3,0.00066538
30,Female,3,0.0005769
31,Female,3,0.00050981
32,Female,3,0.00046433
33,Female,3,0.00044044
34,Female,3,0.00043965
35,Female,3,0.00046408
36,Female,3,0.00051479
37,Female,3,0.00059549
38,Female,3,0.00071289
39,Female,3,0.00087704
40,Female,3,0.00110228
41,Female,3,0.00140704
42,Female,3,0.00181354
43,Female,3,0.00234642
44,Female,3,0.00302949
45,Female,3,0.00388015
46,Female,3,0.00490066
47,Female,3,0.00605476
48,Female,3,0.00724038
49,Female,3,0.00829064
50,Female,3,0.0089974
51,Female,3,0.00926092
52,Female,3,0.00915436
53,Female,3,0.00880445
54,Female,3,0.00834712
55,Female,3,0.00790372
56,Female,3,0.00757404
57,Female,3,0.00744339
58,Female,3,0.00759599
59,Female,3,0.00805587
60,Female,3,0.00880367
61,Female,3,0.00982729
62,Female,3,0.011103
63,Female,3,0.01251639
64,Female,3,0.01383119
65,Female,3,0.01471987
66,Female,3,0.01486631
67,Female,3,0.01445491
68,Female,3,0.01396215
69,Female,3,0.01382723
70,Female,3,0.01444521
71,Female,3,0.01595693
72,Female,3,0.01844216
73,Female,3,0.02206139
74,Female,3,0.02700699
75,Female,3,0.03332805
76,Female,3,0.04078801
77,Female,3,0.04872331
78,Female,3,0.0560997
79,Female,3,0.06247519
80,Female,3,0.06789241
81,Female,3,0.07261754
82,Female,3,0.07715154
83,Female,3,0.08244435
84,Female,3,0.08979297
85,Female,3,0.10094784
18,Female,4,0.00011664
19,Female,4,0.00014333
20,Female,4,0.00017463
21,Female,4,0.00020982
22,Female,4,0.00024724
23,Female,4,0.00028462
24,Female,4,0.0003207
25,Female,4,0.00035472
26,Female,4,0.0003863
27,Female,4,0.00041636
28,Female,4,0.00044933
29,Female,4,0.00049174
30,Female,4,0.00055271
31,Female,4,0.00064307
32,Female,4,0.00077154
33,Female,4,0.00094938
34,Female,4,0.00119151
35,Female,4,0.00150999
36,Female,4,0.00189559
37,Female,4,0.00231002
38,Female,4,0.0026784
39,Female,4,0.00293383
40,Female,4,0.00308208
41,Female,4,0.00315938
42,Female,4,0.00321473
43,Female,4,0.00328211
44,Female,4,0.00336705
45,Female,4,0.00347322
46,Female,4,0.00360498
47,Female,4,0.00376832
48,Female,4,0.00397158
49,Female,4,0.00422528
50,Female,4,0.00454286
51,Female,4,0.00494293
52,Female,4,0.00545158
53,Female,4,0.00610443
54,Female,4,0.00694785
55,Female,4,0.00797323
56,Female,4,0.00907425
57,Female,4,0.01007127
58,Female,4,0.01073188
59,Female,4,0.01100142
60,Female,4,0.01102327
61,Female,4,0.0109729
62,Female,4,0.01102126
63,Female,4,0.01124371
64,Female,4,0.01165695
65,Female,4,0.01228659
66,Female,4,0.01316587
67,Female,4,0.01428722
68,Female,4,0.01560477
69,Female,4,0.01704935
70,Female,4,0.01853938
71,Female,4,0.02013617
72,Female,4,0.02201658
73,Female,4,0.02442274
74,Female,4,0.02766449
75,Female,4,0.03193859
76,Female,4,0.03737978
77,Female,4,0.04411081
78,Female,4,0.05218939
79,Female,4,0.06145576
80,Female,4,0.0714725
81,Female,4,0.08149242
82,Female,4,0.09076209
83,Female,4,0.09995281
84,Female,4,0.11063311
85,Female,4,0.12500255
18,Female,5,0.00130516
19,Female,5,0.00123164
20,Female,5,0.00116612
21,Female,5,0.00111315
22,Female,5,0.00107656
23,Female,5,0.00105876
24,Female,5,0.00105859
25,Female,5,0.00107491
26,Female,5,0.0011073
27,Female,5,0.00115636
28,Female,5,0.00122442
29,Female,5,0.001315
30,Female,5,0.00143296
31,Female,5,0.00158366
32,Female,5,0.00177105
33,Female,5,0.00199915
34,Female,5,0.002272
35,Female,5,0.00259161
36,Female,5,0.00295448
37,Female,5,0.00335143
38,Female,5,0.00376629
39,Female,5,0.00417433
40,Female,5,0.00454186
41,Female,5,0.00482879
42,Female,5,0.00499376
43,Female,5,0.00502728
44,Female,5,0.0049691
45,Female,5,0.0048669
46,Female,5,0.00476682
47,Female,5,0.00470417
48,Female,5,0.00470337
49,Female,5,0.00479011
50,Female,5,0.00499551
51,Female,5,0.00534748
52,Female,5,0.00587136
53,Female,5,0.0066063
54,Female,5,0.00760756
55,Female,5,0.00888577
56,Female,5,0.01035928
57,Female,5,0.01186021
58,Female,5,0.01313238
59,Female,5,0.0140385
60,Female,5,0.01461811
61,Female,5,0.01496334
62,Female,5,0.01518854
63,Female,5,0.01534306
64,Female,5,0.0154264
65,Female,5,0.01543808
66,Female,5,0.01538881
67,Female,5,0.01539307
68,Female,5,0.01562686
69,Female,5,0.01628455
70,Female,5,0.01759302
71,Female,5,0.01967103
72,Female,5,0.02259434
73,Female,5,0.02646021
74,Female,5,0.03136145
75,Female,5,0.03737373
76,Female,5,0.04450842
77,Female,5,0.05265221
78,Female,5,0.06152339
79,Female,5,0.07069502
80,Female,5,0.07957623
81,Female,5,0.08742351
82,Female,5,0.09363023
83,Female,5,0.09875049
84,Female,5,0.1039257
85,Female,5,0.11054933
18,Male,1,0.00053974
19,Male,1,0.00071712
20,Male,1,0.00093451
21,Male,1,0.0011816
22,Male,1,0.00143404
23,Male,1,0.00165789
24,Male,1,0.0018315
25,Male,1,0.00194375
26,Male,1,0.00199239
27,Male,1,0.00198699
28,Male,1,0.00195319
29,Male,1,0.00191906
30,Male,1,0.00191111
31,Male,1,0.0019418
32,Male,1,0.00199118
33,Male,1,0.0020331
34,Male,1,0.00203949
35,Male,1,0.00199619
36,Male,1,0.00191823
37,Male,1,0.00182395
38,Male,1,0.00172956
39,Male,1,0.00165046
40,Male,1,0.00160279
41,Male,1,0.00160211
42,Male,1,0.00166705
43,Male,1,0.0018159
44,Male,1,0.00206516
45,Male,1,0.00244387
46,Male,1,0.00299867
47,Male,1,0.00378096
48,Male,1,0.00482184
49,Male,1,0.00611926
50,Male,1,0.00760602
51,Male,1,0.00918583
52,Male,1,0.01078437
53,Male,1,0.01231933
54,Male,1,0.01370474
55,Male,1,0.01484128
56,Male,1,0.01562084
57,Male,1,0.01595356
58,Male,1,0.01579337
59,Male,1,0.01528697
60,Male,1,0.01470713
61,Male,1,0.01429985
62,Male,1,0.01427218
63,Male,1,0.01464406
64,Male,1,0.0153231
65,Male,1,0.01621687
66,Male,1,0.0172221
67,Male,1,0.018266
68,Male,1,0.01929201
69,Male,1,0.02023214
70,Male,1,0.02102887
71,Male,1,0.02179565
72,Male,1,0.02275561
73,Male,1,0.02417404
74,Male,1,0.02636074
75,Male,1,0.02951073
76,Male,1,0.03379879
77,Male,1,0.03946118
78,Male,1,0.04673902
79,Male,1,0.05550795
80,Male,1,0.06519578
81,Male,1,0.07473675
82,Male,1,0.08285515
83,Male,1,0.08950625
84,Male,1,0.09536691
85,Male,1,0.10140608
18,Male,2,0.00130744
19,Male,2,0.00134928
20,Male,2,0.00140547
21,Male,2,0.00147718
22,Male,2,0.00156599
23,Male,2,0.00167134
24,Male,2,0.00178311
25,Male,2,0.00188616
26,Male,2,0.00196206
27,Male,2,0.0019973
28,Male,2,0.00199818
29,Male,2,0.00197629
30,Male,2,0.00194378
31,Male,2,0.0019104
32,Male,2,0.00188048
33,Male,2,0.00185742
34,Male,2,0.00184453
35,Male,2,0.00184894
36,Male,2,0.00188606
37,Male,2,0.00197482
38,Male,2,0.00214067
39,Male,2,0.00240451
40,Male,2,0.00276498
41,Male,2,0.00321159
42,Male,2,0.00371811
43,Male,2,0.00424835
44,Male,2,0.00476824
45,Male,2,0.00523428
46,Male,2,0.00559669
47,Male,2,0.00584754
48,Male,2,0.00604464
49,Male,2,0.00626265
50,Male,2,0.00658603
51,Male,2,0.00705713
52,Male,2,0.00766134
53,Male,2,0.008375
54,Male,2,0.00916353
55,Male,2,0.0100029
56,Male,2,0.01088579
57,Male,2,0.01180304
58,Male,2,0.01274439
59,Male,2,0.01372719
60,Male,2,0.01480067
61,Male,2,0.01602997
62,Male,2,0.01749424
63,Male,2,0.0192179
64,Male,2,0.02116762
65,Male,2,0.02328557
66,Male,2,0.02548442
67,Male,2,0.02765297
68,Male,2,0.02965549
69,Male,2,0.03133245
70,Male,2,0.0325392
71,Male,2,0.03336855
72,Male,2,0.03406032
73,Male,2,0.03488203
74,Male,2,0.03613507
75,Male,2,0.03822194
76,Male,2,0.04168873
77,Male,2,0.047336
78,Male,2,0.05619999
79,Male,2,0.0682259
80,Male,2,0.0821142
81,Male,2,0.09515454
82,Male,2,0.10403581
83,Male,2,0.10893805
84,Male,2,0.11194788
85,Male,2,0.11562
18,Male,3,0.00141289
19,Male,3,0.00150918
20,Male,3,0.0015917
21,Male,3,0.00164942
22,Male,3,0.00167117
23,Male,3,0.00165218
24,Male,3,0.00160627
25,Male,3,0.00155086
26,Male,3,0.00150171
27,Male,3,0.00147091
28,Male,3,0.00146475
29,Male,3,0.0014895
30,Male,3,0.00155359
31,Male,3,0.00166508
32,Male,3,0.00182574
33,Male,3,0.00203732
34,Male,3,0.00230142
35,Male,3,0.00261419
36,Male,3,0.00295751
37,Male,3,0.00329959
38,Male,3,0.00359482
39,Male,3,0.00381222
40,Male,3,0.00396715
41,Male,3,0.00408863
42,Male,3,0.00421164
43,Male,3,0.00436505
44,Male,3,0.00456548
45,Male,3,0.00483177
46,Male,3,0.00518741
47,Male,3,0.0056342
48,Male,3,0.00613325
49,Male,3,0.00662661
50,Male,3,0.00704017
51,Male,3,0.00736573
52,Male,3,0.00768961
53,Male,3,0.00812096
54,Male,3,0.00878987
55,Male,3,0.00974634
56,Male,3,0.01092954
57,Male,3,0.0122319
58,Male,3,0.01348969
59,Male,3,0.01459328
60,Male,3,0.01551561
61,Male,3,0.01624587
62,Male,3,0.01679251
63,Male,3,0.01725171
64,Male,3,0.0177881
65,Male,3,0.01858914
66,Male,3,0.01986578
67,Male,3,0.02172653
68,Male,3,0.02421957
69,Male,3,0.02740655
70,Male,3,0.0313317
71,Male,3,0.03581912
72,Male,3,0.04043025
73,Male,3,0.04449567
74,Male,3,0.04733471
75,Male,3,0.0494729
76,Male,3,0.05216704
77,Male,3,0.05697105
78,Male,3,0.0656897
79,Male,3,0.07859914
80,Male,3,0.09475449
81,Male,3,0.11190893
82,Male,3,0.12687525
83,Male,3,0.13913413
84,Male,3,0.14979422
85,Male,3,0.16057339
18,Male,4,0.00240167
19,Male,4,0.00227636
20,Male,4,0.00216803
21,Male,4,0.00206887
22,Male,4,0.0019724
23,Male,4,0.00187322
24,Male,4,0.00176696
25,Male,4,0.00165051
26,Male,4,0.0015222
27,Male,4,0.00138699
28,Male,4,0.0012623
29,Male,4,0.00116213
30,Male,4,0.00109615
31,Male,4,0.00106963
32,Male,4,0.00108265
33,Male,4,0.00113846
34,Male,4,0.00124564
35,Male,4,0.00141098
36,Male,4,0.00162463
37,Male,4,0.00186401
38,Male,4,0.00208939
39,Male,4,0.00226666
40,Male,4,0.00239987
41,Male,4,0.00250511
42,Male,4,0.00260428
43,Male,4,0.00271867
44,Male,4,0.00286582
45,Male,4,0.0030668
46,Male,4,0.00334899
47,Male,4,0.00373019
48,Male,4,0.00420576
49,Male,4,0.00476177
50,Male,4,0.0053718
51,Male,4,0.00602655
52,Male,4,0.00675351
53,Male,4,0.00759539
54,Male,4,0.00860993
55,Male,4,0.00980221
56,Male,4,0.01108704
57,Male,4,0.01232177
58,Male,4,0.01331651
59,Male,4,0.01398723
60,Male,4,0.01438228
61,Male,4,0.01458442
62,Male,4,0.01469868
63,Male,4,0.01490571
64,Male,4,0.01544616
65,Male,4,0.01661098
66,Male,4,0.01877863
67,Male,4,0.02204752
68,Male,4,0.02618124
69,Male,4,0.03062844
70,Male,4,0.03450899
71,Male,4,0.03760743
72,Male,4,0.04033256
73,Male,4,0.04330413
74,Male,4,0.04725758
75,Male,4,0.05255606
76,Male,4,0.05940734
77,Male,4,0.06806802
78,Male,4,0.07878414
79,Male,4,0.09145899
80,Male,4,0.10562282
81,Male,4,0.12041597
82,Male,4,0.13487403
83,Male,4,0.14942822
84,Male,4,0.16534421
85,Male,4,0.18436616
18,Male,5,0.0013744
19,Male,5,0.00139389
20,Male,5,0.00140782
21,Male,5,0.00141555
22,Male,5,0.00141653
23,Male,5,0.00141296
24,Male,5,0.00141609
25,Male,5,0.00143928
26,Male,5,0.00149735
27,Male,5,0.00160184
28,Male,5,0.00174701
29,Male,5,0.00192135
30,Male,5,0.00210775
31,Male,5,0.00228782
32,Male,5,0.00245369
33,Male,5,0.00259919
34,Male,5,0.00271842
35,Male,5,0.00281329
36,Male,5,0.00290243
37,Male,5,0.0030093
38,Male,5,0.00316087
39,Male,5,0.00337782
40,Male,5,0.00366433
41,Male,5,0.00402387
42,Male,5,0.00446
43,Male,5,0.00496811
44,Male,5,0.00552613
45,Male,5,0.00609763
46,Male,5,0.00663139
47,Male,5,0.00709066
48,Male,5,0.00747359
49,Male,5,0.00778737
50,Male,5,0.00804635
51,Male,5,0.00830541
52,Male,5,0.00866793
53,Male,5,0.00925961
54,Male,5,0.01024188
55,Male,5,0.01168765
56,Male,5,0.01352269
57,Male,5,0.01558203
58,Male,5,0.01757875
59,Male,5,0.01928358
60,Male,5,0.02059474
61,Male,5,0.02144424
62,Male,5,0.02181238
63,Male,5,0.02187335
64,Male,5,0.02193096
65,Male,5,0.0222986
66,Male,5,0.02329571
67,Male,5,0.02508054
68,Male,5,0.0277439
69,Male,5,0.03143514
70,Male,5,0.03634294
71,Male,5,0.04248243
72,Male,5,0.0496293
73,Male,5,0.0572899
74,Male,5,0.06474772
75,Male,5,0.07186136
76,Male,5,0.07894711
77,Male,5,0.0865172
78,Male,5,0.09519301
79,Male,5,0.10521239
80,Male,5,0.11663084
81,Male,5,0.12947283
82,Male,5,0.14377227
83,Male,5,0.15980346
84,Male,5,0.17798007
85,Male,5,0.19879855
